dex;formSlug;name;types;generation;evolutionStage;legendary;mythical;baby;bst;alternativeForms;flag
1;;Bisasam;grass/poison;1;first_stage;false;false;false;318;;
2;;Bisaknosp;grass/poison;1;middle_stage;false;false;false;405;;
3;;Bisaflor;grass/poison;1;fully_evolved;false;false;false;525;;
4;;Glumanda;fire;1;first_stage;false;false;false;309;;
5;;Glutexo;fire;1;middle_stage;false;false;false;405;;
6;;Glurak;fire/flying;1;fully_evolved;false;false;false;534;;
7;;Schiggy;water;1;first_stage;false;false;false;314;;
8;;Schillok;water;1;middle_stage;false;false;false;405;;
9;;Turtok;water;1;fully_evolved;false;false;false;530;;
10;;Raupy;bug;1;first_stage;false;false;false;195;;
11;;Safcon;bug;1;middle_stage;false;false;false;205;;
12;;Smettbo;bug/flying;1;fully_evolved;false;false;false;395;;
13;;Hornliu;bug/poison;1;first_stage;false;false;false;195;;
14;;Kokuna;bug/poison;1;middle_stage;false;false;false;205;;
15;;Bibor;bug/poison;1;fully_evolved;false;false;false;395;;
16;;Taubsi;normal/flying;1;first_stage;false;false;false;251;;
17;;Tauboga;normal/flying;1;middle_stage;false;false;false;349;;
18;;Tauboss;normal/flying;1;fully_evolved;false;false;false;479;;
19;;Rattfratz;normal;1;not_fully_evolved;false;false;false;253;;
19;alola;Alola-Rattfratz;dark/normal;7;not_fully_evolved;false;false;false;253;;"synthetisierter Name; Generation=""Einfuehrung der Regionalform"" (alola->Gen 7), nicht Basis-Generation"
20;;Rattikarl;normal;1;fully_evolved;false;false;false;413;;
20;alola;Alola-Rattikarl;dark/normal;7;fully_evolved;false;false;false;413;;"synthetisierter Name; Generation=""Einfuehrung der Regionalform"" (alola->Gen 7), nicht Basis-Generation"
21;;Habitak;normal/flying;1;not_fully_evolved;false;false;false;262;;
22;;Ibitak;normal/flying;1;fully_evolved;false;false;false;442;;
23;;Rettan;poison;1;not_fully_evolved;false;false;false;288;;
24;;Arbok;poison;1;fully_evolved;false;false;false;448;;
25;;Pikachu;electric;1;not_fully_evolved;false;false;false;320;Partner Pikachu;
26;;Raichu;electric;1;fully_evolved;false;false;false;485;;
26;alola;Alola-Raichu;electric/psychic;7;fully_evolved;false;false;false;485;;"synthetisierter Name; Generation=""Einfuehrung der Regionalform"" (alola->Gen 7), nicht Basis-Generation"
27;;Sandan;ground;1;not_fully_evolved;false;false;false;300;;
27;alola;Alola-Sandan;ice/steel;7;not_fully_evolved;false;false;false;300;;"synthetisierter Name; Generation=""Einfuehrung der Regionalform"" (alola->Gen 7), nicht Basis-Generation"
28;;Sandamer;ground;1;fully_evolved;false;false;false;450;;
28;alola;Alola-Sandamer;ice/steel;7;fully_evolved;false;false;false;450;;"synthetisierter Name; Generation=""Einfuehrung der Regionalform"" (alola->Gen 7), nicht Basis-Generation"
29;;Nidoran♀;poison;1;first_stage;false;false;false;275;;
30;;Nidorina;poison;1;middle_stage;false;false;false;365;;
31;;Nidoqueen;poison/ground;1;fully_evolved;false;false;false;505;;
32;;Nidoran♂;poison;1;first_stage;false;false;false;273;;
33;;Nidorino;poison;1;middle_stage;false;false;false;365;;
34;;Nidoking;poison/ground;1;fully_evolved;false;false;false;505;;
35;;Piepi;fairy;1;not_fully_evolved;false;false;false;323;;
36;;Pixi;fairy;1;fully_evolved;false;false;false;483;;
37;;Vulpix;fire;1;not_fully_evolved;false;false;false;299;;
37;alola;Alola-Vulpix;ice;7;not_fully_evolved;false;false;false;299;;"synthetisierter Name; Generation=""Einfuehrung der Regionalform"" (alola->Gen 7), nicht Basis-Generation"
38;;Vulnona;fire;1;fully_evolved;false;false;false;505;;
38;alola;Alola-Vulnona;ice/fairy;7;fully_evolved;false;false;false;505;;"synthetisierter Name; Generation=""Einfuehrung der Regionalform"" (alola->Gen 7), nicht Basis-Generation"
39;;Pummeluff;normal/fairy;1;not_fully_evolved;false;false;false;270;;
40;;Knuddeluff;normal/fairy;1;fully_evolved;false;false;false;435;;
41;;Zubat;poison/flying;1;first_stage;false;false;false;245;;
42;;Golbat;poison/flying;1;middle_stage;false;false;false;455;;
43;;Myrapla;grass/poison;1;first_stage;false;false;false;320;;
44;;Duflor;grass/poison;1;middle_stage;false;false;false;395;;
45;;Giflor;grass/poison;1;fully_evolved;false;false;false;490;;
46;;Paras;bug/grass;1;not_fully_evolved;false;false;false;285;;
47;;Parasek;bug/grass;1;fully_evolved;false;false;false;405;;
48;;Bluzuk;bug/poison;1;not_fully_evolved;false;false;false;305;;
49;;Omot;bug/poison;1;fully_evolved;false;false;false;450;;
50;;Digda;ground;1;not_fully_evolved;false;false;false;265;;
50;alola;Alola-Digda;ground/steel;7;not_fully_evolved;false;false;false;265;;"synthetisierter Name; Generation=""Einfuehrung der Regionalform"" (alola->Gen 7), nicht Basis-Generation"
51;;Digdri;ground;1;fully_evolved;false;false;false;425;;
51;alola;Alola-Digdri;ground/steel;7;fully_evolved;false;false;false;425;;"synthetisierter Name; Generation=""Einfuehrung der Regionalform"" (alola->Gen 7), nicht Basis-Generation"
52;;Mauzi;normal;1;not_fully_evolved;false;false;false;290;;
52;alola;Alola-Mauzi;dark;7;not_fully_evolved;false;false;false;290;;"synthetisierter Name; Generation=""Einfuehrung der Regionalform"" (alola->Gen 7), nicht Basis-Generation"
52;galar;Galar-Mauzi;steel;8;not_fully_evolved;false;false;false;290;;"synthetisierter Name; Generation=""Einfuehrung der Regionalform"" (galar->Gen 8), nicht Basis-Generation"
53;;Snobilikat;normal;1;fully_evolved;false;false;false;440;;
53;alola;Alola-Snobilikat;dark;7;fully_evolved;false;false;false;440;;"synthetisierter Name; Generation=""Einfuehrung der Regionalform"" (alola->Gen 7), nicht Basis-Generation"
54;;Enton;water;1;not_fully_evolved;false;false;false;320;;
55;;Entoron;water;1;fully_evolved;false;false;false;500;;
56;;Menki;fighting;1;first_stage;false;false;false;305;;
57;;Rasaff;fighting;1;middle_stage;false;false;false;455;;
58;;Fukano;fire;1;not_fully_evolved;false;false;false;350;;
58;hisui;Hisui-Fukano;fire/rock;8;not_fully_evolved;false;false;false;350;;"synthetisierter Name; Generation=""Einfuehrung der Regionalform"" (hisui->Gen 8), nicht Basis-Generation"
59;;Arkani;fire;1;fully_evolved;false;false;false;555;;
59;hisui;Hisui-Arkani;fire/rock;8;fully_evolved;false;false;false;555;;"synthetisierter Name; Generation=""Einfuehrung der Regionalform"" (hisui->Gen 8), nicht Basis-Generation"
60;;Quapsel;water;1;first_stage;false;false;false;300;;
61;;Quaputzi;water;1;middle_stage;false;false;false;385;;
62;;Quappo;water/fighting;1;fully_evolved;false;false;false;510;;
63;;Abra;psychic;1;first_stage;false;false;false;310;;
64;;Kadabra;psychic;1;middle_stage;false;false;false;400;;
65;;Simsala;psychic;1;fully_evolved;false;false;false;500;;
66;;Machollo;fighting;1;first_stage;false;false;false;305;;
67;;Maschock;fighting;1;middle_stage;false;false;false;405;;
68;;Machomei;fighting;1;fully_evolved;false;false;false;505;;
69;;Knofensa;grass/poison;1;first_stage;false;false;false;300;;
70;;Ultrigaria;grass/poison;1;middle_stage;false;false;false;390;;
71;;Sarzenia;grass/poison;1;fully_evolved;false;false;false;490;;
72;;Tentacha;water/poison;1;not_fully_evolved;false;false;false;335;;
73;;Tentoxa;water/poison;1;fully_evolved;false;false;false;515;;
74;;Kleinstein;rock/ground;1;first_stage;false;false;false;300;;
74;alola;Alola-Kleinstein;rock/electric;7;first_stage;false;false;false;300;;"synthetisierter Name; Generation=""Einfuehrung der Regionalform"" (alola->Gen 7), nicht Basis-Generation"
75;;Georok;rock/ground;1;middle_stage;false;false;false;390;;
75;alola;Alola-Georok;rock/electric;7;middle_stage;false;false;false;390;;"synthetisierter Name; Generation=""Einfuehrung der Regionalform"" (alola->Gen 7), nicht Basis-Generation"
76;;Geowaz;rock/ground;1;fully_evolved;false;false;false;495;;
76;alola;Alola-Geowaz;rock/electric;7;fully_evolved;false;false;false;495;;"synthetisierter Name; Generation=""Einfuehrung der Regionalform"" (alola->Gen 7), nicht Basis-Generation"
77;;Ponita;fire;1;not_fully_evolved;false;false;false;410;;
77;galar;Galar-Ponita;psychic;8;not_fully_evolved;false;false;false;410;;"synthetisierter Name; Generation=""Einfuehrung der Regionalform"" (galar->Gen 8), nicht Basis-Generation"
78;;Gallopa;fire;1;fully_evolved;false;false;false;500;;
78;galar;Galar-Gallopa;psychic/fairy;8;fully_evolved;false;false;false;500;;"synthetisierter Name; Generation=""Einfuehrung der Regionalform"" (galar->Gen 8), nicht Basis-Generation"
79;;Flegmon;water/psychic;1;not_fully_evolved;false;false;false;315;;
79;galar;Galar-Flegmon;psychic;8;not_fully_evolved;false;false;false;315;;"synthetisierter Name; Generation=""Einfuehrung der Regionalform"" (galar->Gen 8), nicht Basis-Generation"
80;;Lahmus;water/psychic;1;fully_evolved;false;false;false;490;;
80;galar;Galar-Lahmus;poison/psychic;8;fully_evolved;false;false;false;490;;"synthetisierter Name; Generation=""Einfuehrung der Regionalform"" (galar->Gen 8), nicht Basis-Generation"
81;;Magnetilo;electric/steel;1;first_stage;false;false;false;325;;
82;;Magneton;electric/steel;1;middle_stage;false;false;false;465;;
83;;Porenta;normal/flying;1;not_fully_evolved;false;false;false;377;;
83;galar;Galar-Porenta;fighting;8;not_fully_evolved;false;false;false;377;;"synthetisierter Name; Generation=""Einfuehrung der Regionalform"" (galar->Gen 8), nicht Basis-Generation"
84;;Dodu;normal/flying;1;not_fully_evolved;false;false;false;310;;
85;;Dodri;normal/flying;1;fully_evolved;false;false;false;470;;
86;;Jurob;water;1;not_fully_evolved;false;false;false;325;;
87;;Jugong;water/ice;1;fully_evolved;false;false;false;475;;
88;;Sleima;poison;1;not_fully_evolved;false;false;false;325;;
88;alola;Alola-Sleima;poison/dark;7;not_fully_evolved;false;false;false;325;;"synthetisierter Name; Generation=""Einfuehrung der Regionalform"" (alola->Gen 7), nicht Basis-Generation"
89;;Sleimok;poison;1;fully_evolved;false;false;false;500;;
89;alola;Alola-Sleimok;poison/dark;7;fully_evolved;false;false;false;500;;"synthetisierter Name; Generation=""Einfuehrung der Regionalform"" (alola->Gen 7), nicht Basis-Generation"
90;;Muschas;water;1;not_fully_evolved;false;false;false;305;;
91;;Austos;water/ice;1;fully_evolved;false;false;false;525;;
92;;Nebulak;ghost/poison;1;first_stage;false;false;false;310;;
93;;Alpollo;ghost/poison;1;middle_stage;false;false;false;405;;
94;;Gengar;ghost/poison;1;fully_evolved;false;false;false;500;;
95;;Onix;rock/ground;1;not_fully_evolved;false;false;false;385;;
96;;Traumato;psychic;1;not_fully_evolved;false;false;false;328;;
97;;Hypno;psychic;1;fully_evolved;false;false;false;483;;
98;;Krabby;water;1;not_fully_evolved;false;false;false;325;;
99;;Kingler;water;1;fully_evolved;false;false;false;475;;
100;;Voltobal;electric;1;not_fully_evolved;false;false;false;330;;
100;hisui;Hisui-Voltobal;electric/grass;8;not_fully_evolved;false;false;false;330;;"synthetisierter Name; Generation=""Einfuehrung der Regionalform"" (hisui->Gen 8), nicht Basis-Generation"
101;;Lektrobal;electric;1;fully_evolved;false;false;false;490;;
101;hisui;Hisui-Lektrobal;electric/grass;8;fully_evolved;false;false;false;490;;"synthetisierter Name; Generation=""Einfuehrung der Regionalform"" (hisui->Gen 8), nicht Basis-Generation"
102;;Owei;grass/psychic;1;not_fully_evolved;false;false;false;325;;
103;;Kokowei;grass/psychic;1;fully_evolved;false;false;false;530;;
103;alola;Alola-Kokowei;grass/dragon;7;fully_evolved;false;false;false;530;;"synthetisierter Name; Generation=""Einfuehrung der Regionalform"" (alola->Gen 7), nicht Basis-Generation"
104;;Tragosso;ground;1;not_fully_evolved;false;false;false;320;;
105;;Knogga;ground;1;fully_evolved;false;false;false;425;;
105;alola;Alola-Knogga;fire/ghost;7;fully_evolved;false;false;false;425;;"synthetisierter Name; Generation=""Einfuehrung der Regionalform"" (alola->Gen 7), nicht Basis-Generation"
106;;Kicklee;fighting;1;no_evolution;false;false;false;455;;
107;;Nockchan;fighting;1;no_evolution;false;false;false;455;;
108;;Schlurp;normal;1;not_fully_evolved;false;false;false;385;;
109;;Smogon;poison;1;not_fully_evolved;false;false;false;340;;
110;;Smogmog;poison;1;fully_evolved;false;false;false;490;;
110;galar;Galar-Smogmog;poison/fairy;8;fully_evolved;false;false;false;490;;"synthetisierter Name; Generation=""Einfuehrung der Regionalform"" (galar->Gen 8), nicht Basis-Generation"
111;;Rihorn;ground/rock;1;first_stage;false;false;false;345;;
112;;Rizeros;ground/rock;1;middle_stage;false;false;false;485;;
113;;Chaneira;normal;1;not_fully_evolved;false;false;false;450;;
114;;Tangela;grass;1;not_fully_evolved;false;false;false;435;;
115;;Kangama;normal;1;no_evolution;false;false;false;490;;
116;;Seeper;water;1;first_stage;false;false;false;295;;
117;;Seemon;water;1;middle_stage;false;false;false;440;;
118;;Goldini;water;1;not_fully_evolved;false;false;false;320;;
119;;Golking;water;1;fully_evolved;false;false;false;450;;
120;;Sterndu;water;1;not_fully_evolved;false;false;false;340;;
121;;Starmie;water/psychic;1;fully_evolved;false;false;false;520;;
122;;Pantimos;psychic/fairy;1;not_fully_evolved;false;false;false;460;;
122;galar;Galar-Pantimos;ice/psychic;8;not_fully_evolved;false;false;false;460;;"synthetisierter Name; Generation=""Einfuehrung der Regionalform"" (galar->Gen 8), nicht Basis-Generation"
123;;Sichlor;bug/flying;1;not_fully_evolved;false;false;false;500;;
124;;Rossana;ice/psychic;1;no_evolution;false;false;false;455;;
125;;Elektek;electric;1;not_fully_evolved;false;false;false;490;;
126;;Magmar;fire;1;not_fully_evolved;false;false;false;495;;
127;;Pinsir;bug;1;no_evolution;false;false;false;500;;
128;;Tauros;normal;1;no_evolution;false;false;false;490;Tauros (Paldea combat breed) | Tauros (Paldea blaze breed) | Tauros (Paldea aqua breed);"kein dt. Formname gefunden, Fallback aus Slug (""paldea-combat-breed""); kein dt. Formname gefunden, Fallback aus Slug (""paldea-blaze-breed""); kein dt. Formname gefunden, Fallback aus Slug (""paldea-aqua-breed"")"
129;;Karpador;water;1;not_fully_evolved;false;false;false;200;;
130;;Garados;water/flying;1;fully_evolved;false;false;false;540;;
131;;Lapras;water/ice;1;no_evolution;false;false;false;535;;
132;;Ditto;normal;1;no_evolution;false;false;false;288;;
133;;Evoli;normal;1;not_fully_evolved;false;false;false;325;Partner Evoli;
134;;Aquana;water;1;fully_evolved;false;false;false;525;;
135;;Blitza;electric;1;fully_evolved;false;false;false;525;;
136;;Flamara;fire;1;fully_evolved;false;false;false;525;;
137;;Porygon;normal;1;first_stage;false;false;false;395;;
138;;Amonitas;rock/water;1;not_fully_evolved;false;false;false;355;;
139;;Amoroso;rock/water;1;fully_evolved;false;false;false;495;;
140;;Kabuto;rock/water;1;not_fully_evolved;false;false;false;355;;
141;;Kabutops;rock/water;1;fully_evolved;false;false;false;495;;
142;;Aerodactyl;rock/flying;1;no_evolution;false;false;false;515;;
143;;Relaxo;normal;1;no_evolution;false;false;false;540;;
144;;Arktos;ice/flying;1;no_evolution;true;false;false;580;;
144;galar;Galar-Arktos;psychic/flying;8;no_evolution;true;false;false;580;;"synthetisierter Name; Generation=""Einfuehrung der Regionalform"" (galar->Gen 8), nicht Basis-Generation"
145;;Zapdos;electric/flying;1;no_evolution;true;false;false;580;;
145;galar;Galar-Zapdos;fighting/flying;8;no_evolution;true;false;false;580;;"synthetisierter Name; Generation=""Einfuehrung der Regionalform"" (galar->Gen 8), nicht Basis-Generation"
146;;Lavados;fire/flying;1;no_evolution;true;false;false;580;;
146;galar;Galar-Lavados;dark/flying;8;no_evolution;true;false;false;580;;"synthetisierter Name; Generation=""Einfuehrung der Regionalform"" (galar->Gen 8), nicht Basis-Generation"
147;;Dratini;dragon;1;first_stage;false;false;false;300;;
148;;Dragonir;dragon;1;middle_stage;false;false;false;420;;
149;;Dragoran;dragon/flying;1;fully_evolved;false;false;false;600;;
150;;Mewtu;psychic;1;no_evolution;true;false;false;680;;
151;;Mew;psychic;1;no_evolution;false;true;false;600;;
152;;Endivie;grass;2;first_stage;false;false;false;318;;
153;;Lorblatt;grass;2;middle_stage;false;false;false;405;;
154;;Meganie;grass;2;fully_evolved;false;false;false;525;;
155;;Feurigel;fire;2;first_stage;false;false;false;309;;
156;;Igelavar;fire;2;middle_stage;false;false;false;405;;
157;;Tornupto;fire;2;fully_evolved;false;false;false;534;;
157;hisui;Hisui-Tornupto;fire/ghost;8;fully_evolved;false;false;false;534;;"synthetisierter Name; Generation=""Einfuehrung der Regionalform"" (hisui->Gen 8), nicht Basis-Generation"
158;;Karnimani;water;2;first_stage;false;false;false;314;;
159;;Tyracroc;water;2;middle_stage;false;false;false;405;;
160;;Impergator;water;2;fully_evolved;false;false;false;530;;
161;;Wiesor;normal;2;not_fully_evolved;false;false;false;215;;
162;;Wiesenior;normal;2;fully_evolved;false;false;false;415;;
163;;Hoothoot;normal/flying;2;not_fully_evolved;false;false;false;262;;
164;;Noctuh;normal/flying;2;fully_evolved;false;false;false;452;;
165;;Ledyba;bug/flying;2;not_fully_evolved;false;false;false;265;;
166;;Ledian;bug/flying;2;fully_evolved;false;false;false;390;;
167;;Webarak;bug/poison;2;not_fully_evolved;false;false;false;250;;
168;;Ariados;bug/poison;2;fully_evolved;false;false;false;400;;
169;;Iksbat;poison/flying;2;fully_evolved;false;false;false;535;;
170;;Lampi;water/electric;2;not_fully_evolved;false;false;false;330;;
171;;Lanturn;water/electric;2;fully_evolved;false;false;false;460;;
172;;Pichu;electric;2;baby;false;false;true;205;;
173;;Pii;fairy;2;baby;false;false;true;218;;
174;;Fluffeluff;normal/fairy;2;baby;false;false;true;210;;
175;;Togepi;fairy;2;baby;false;false;true;245;;
176;;Togetic;fairy/flying;2;not_fully_evolved;false;false;false;405;;
177;;Natu;psychic/flying;2;not_fully_evolved;false;false;false;320;;
178;;Xatu;psychic/flying;2;fully_evolved;false;false;false;470;;
179;;Voltilamm;electric;2;first_stage;false;false;false;280;;
180;;Waaty;electric;2;middle_stage;false;false;false;365;;
181;;Ampharos;electric;2;fully_evolved;false;false;false;510;;
182;;Blubella;grass;2;fully_evolved;false;false;false;490;;
183;;Marill;water/fairy;2;not_fully_evolved;false;false;false;250;;
184;;Azumarill;water/fairy;2;fully_evolved;false;false;false;420;;
185;;Mogelbaum;rock;2;no_evolution;false;false;false;410;;
186;;Quaxo;water;2;fully_evolved;false;false;false;500;;
187;;Hoppspross;grass/flying;2;first_stage;false;false;false;250;;
188;;Hubelupf;grass/flying;2;middle_stage;false;false;false;340;;
189;;Papungha;grass/flying;2;fully_evolved;false;false;false;460;;
190;;Griffel;normal;2;not_fully_evolved;false;false;false;360;;
191;;Sonnkern;grass;2;not_fully_evolved;false;false;false;180;;
192;;Sonnflora;grass;2;fully_evolved;false;false;false;425;;
193;;Yanma;bug/flying;2;not_fully_evolved;false;false;false;390;;
194;;Felino;water/ground;2;not_fully_evolved;false;false;false;210;;
194;paldea;Paldea-Felino;poison/ground;9;not_fully_evolved;false;false;false;210;;"synthetisierter Name; Generation=""Einfuehrung der Regionalform"" (paldea->Gen 9), nicht Basis-Generation"
195;;Morlord;water/ground;2;fully_evolved;false;false;false;430;;
196;;Psiana;psychic;2;fully_evolved;false;false;false;525;;
197;;Nachtara;dark;2;fully_evolved;false;false;false;525;;
198;;Kramurx;dark/flying;2;not_fully_evolved;false;false;false;405;;
199;;Laschoking;water/psychic;2;fully_evolved;false;false;false;490;;
199;galar;Galar-Laschoking;poison/psychic;8;fully_evolved;false;false;false;490;;"synthetisierter Name; Generation=""Einfuehrung der Regionalform"" (galar->Gen 8), nicht Basis-Generation"
200;;Traunfugil;ghost;2;not_fully_evolved;false;false;false;435;;
201;;Icognito;psychic;2;no_evolution;false;false;false;336;;
202;;Woingenau;psychic;2;no_evolution;false;false;false;405;;
203;;Girafarig;normal/psychic;2;not_fully_evolved;false;false;false;455;;
204;;Tannza;bug;2;not_fully_evolved;false;false;false;290;;
205;;Forstellka;bug/steel;2;fully_evolved;false;false;false;465;;
206;;Dummisel;normal;2;not_fully_evolved;false;false;false;415;;
207;;Skorgla;ground/flying;2;not_fully_evolved;false;false;false;430;;
208;;Stahlos;steel/ground;2;fully_evolved;false;false;false;510;;
209;;Snubbull;fairy;2;not_fully_evolved;false;false;false;300;;
210;;Granbull;fairy;2;fully_evolved;false;false;false;450;;
211;;Baldorfish;water/poison;2;not_fully_evolved;false;false;false;440;;
211;hisui;Hisui-Baldorfish;dark/poison;8;not_fully_evolved;false;false;false;440;;"synthetisierter Name; Generation=""Einfuehrung der Regionalform"" (hisui->Gen 8), nicht Basis-Generation"
212;;Scherox;bug/steel;2;fully_evolved;false;false;false;500;;
213;;Pottrott;bug/rock;2;no_evolution;false;false;false;505;;
214;;Skaraborn;bug/fighting;2;no_evolution;false;false;false;500;;
215;;Sniebel;dark/ice;2;not_fully_evolved;false;false;false;430;;
215;hisui;Hisui-Sniebel;fighting/poison;8;not_fully_evolved;false;false;false;430;;"synthetisierter Name; Generation=""Einfuehrung der Regionalform"" (hisui->Gen 8), nicht Basis-Generation"
216;;Teddiursa;normal;2;first_stage;false;false;false;330;;
217;;Ursaring;normal;2;middle_stage;false;false;false;500;;
218;;Schneckmag;fire;2;not_fully_evolved;false;false;false;250;;
219;;Magcargo;fire/rock;2;fully_evolved;false;false;false;430;;
220;;Quiekel;ice/ground;2;first_stage;false;false;false;250;;
221;;Keifel;ice/ground;2;middle_stage;false;false;false;450;;
222;;Corasonn;water/rock;2;not_fully_evolved;false;false;false;410;;
222;galar;Galar-Corasonn;ghost;8;not_fully_evolved;false;false;false;410;;"synthetisierter Name; Generation=""Einfuehrung der Regionalform"" (galar->Gen 8), nicht Basis-Generation"
223;;Remoraid;water;2;not_fully_evolved;false;false;false;300;;
224;;Octillery;water;2;fully_evolved;false;false;false;480;;
225;;Botogel;ice/flying;2;no_evolution;false;false;false;330;;
226;;Mantax;water/flying;2;no_evolution;false;false;false;485;;
227;;Panzaeron;steel/flying;2;no_evolution;false;false;false;465;;
228;;Hunduster;dark/fire;2;not_fully_evolved;false;false;false;330;;
229;;Hundemon;dark/fire;2;fully_evolved;false;false;false;500;;
230;;Seedraking;water/dragon;2;fully_evolved;false;false;false;540;;
231;;Phanpy;ground;2;not_fully_evolved;false;false;false;330;;
232;;Donphan;ground;2;fully_evolved;false;false;false;500;;
233;;Porygon2;normal;2;middle_stage;false;false;false;515;;
234;;Damhirplex;normal;2;not_fully_evolved;false;false;false;465;;
235;;Farbeagle;normal;2;no_evolution;false;false;false;250;;
236;;Rabauz;fighting;2;baby;false;false;true;210;;
237;;Kapoera;fighting;2;no_evolution;false;false;false;455;;
238;;Kussilla;ice/psychic;2;baby;false;false;true;305;;
239;;Elekid;electric;2;baby;false;false;true;360;;
240;;Magby;fire;2;baby;false;false;true;365;;
241;;Miltank;normal;2;no_evolution;false;false;false;490;;
242;;Heiteira;normal;2;fully_evolved;false;false;false;540;;
243;;Raikou;electric;2;no_evolution;true;false;false;580;;
244;;Entei;fire;2;no_evolution;true;false;false;580;;
245;;Suicune;water;2;no_evolution;true;false;false;580;;
246;;Larvitar;rock/ground;2;first_stage;false;false;false;300;;
247;;Pupitar;rock/ground;2;middle_stage;false;false;false;410;;
248;;Despotar;rock/dark;2;fully_evolved;false;false;false;600;;
249;;Lugia;psychic/flying;2;no_evolution;true;false;false;680;;
250;;Ho-Oh;fire/flying;2;no_evolution;true;false;false;680;;
251;;Celebi;psychic/grass;2;no_evolution;false;true;false;600;;
252;;Geckarbor;grass;3;first_stage;false;false;false;310;;
253;;Reptain;grass;3;middle_stage;false;false;false;405;;
254;;Gewaldro;grass;3;fully_evolved;false;false;false;530;;
255;;Flemmli;fire;3;first_stage;false;false;false;310;;
256;;Jungglut;fire/fighting;3;middle_stage;false;false;false;405;;
257;;Lohgock;fire/fighting;3;fully_evolved;false;false;false;530;;
258;;Hydropi;water;3;first_stage;false;false;false;310;;
259;;Moorabbel;water/ground;3;middle_stage;false;false;false;405;;
260;;Sumpex;water/ground;3;fully_evolved;false;false;false;535;;
261;;Fiffyen;dark;3;not_fully_evolved;false;false;false;220;;
262;;Magnayen;dark;3;fully_evolved;false;false;false;420;;
263;;Zigzachs;normal;3;first_stage;false;false;false;240;;
263;galar;Galar-Zigzachs;dark/normal;8;first_stage;false;false;false;240;;"synthetisierter Name; Generation=""Einfuehrung der Regionalform"" (galar->Gen 8), nicht Basis-Generation"
264;;Geradaks;normal;3;middle_stage;false;false;false;420;;
264;galar;Galar-Geradaks;dark/normal;8;middle_stage;false;false;false;420;;"synthetisierter Name; Generation=""Einfuehrung der Regionalform"" (galar->Gen 8), nicht Basis-Generation"
265;;Waumpel;bug;3;first_stage;false;false;false;195;;
266;;Schaloko;bug;3;middle_stage;false;false;false;205;;
267;;Papinella;bug/flying;3;fully_evolved;false;false;false;395;;
268;;Panekon;bug;3;middle_stage;false;false;false;205;;
269;;Pudox;bug/poison;3;fully_evolved;false;false;false;385;;
270;;Loturzel;water/grass;3;first_stage;false;false;false;220;;
271;;Lombrero;water/grass;3;middle_stage;false;false;false;340;;
272;;Kappalores;water/grass;3;fully_evolved;false;false;false;480;;
273;;Samurzel;grass;3;first_stage;false;false;false;220;;
274;;Blanas;grass/dark;3;middle_stage;false;false;false;340;;
275;;Tengulist;grass/dark;3;fully_evolved;false;false;false;480;;
276;;Schwalbini;normal/flying;3;not_fully_evolved;false;false;false;270;;
277;;Schwalboss;normal/flying;3;fully_evolved;false;false;false;455;;
278;;Wingull;water/flying;3;not_fully_evolved;false;false;false;270;;
279;;Pelipper;water/flying;3;fully_evolved;false;false;false;440;;
280;;Trasla;psychic/fairy;3;first_stage;false;false;false;198;;
281;;Kirlia;psychic/fairy;3;middle_stage;false;false;false;278;;
282;;Guardevoir;psychic/fairy;3;fully_evolved;false;false;false;518;;
283;;Gehweiher;bug/water;3;not_fully_evolved;false;false;false;269;;
284;;Maskeregen;bug/flying;3;fully_evolved;false;false;false;454;;
285;;Knilz;grass;3;not_fully_evolved;false;false;false;295;;
286;;Kapilz;grass/fighting;3;fully_evolved;false;false;false;460;;
287;;Bummelz;normal;3;first_stage;false;false;false;280;;
288;;Muntier;normal;3;middle_stage;false;false;false;440;;
289;;Letarking;normal;3;fully_evolved;false;false;false;670;;
290;;Nincada;bug/ground;3;not_fully_evolved;false;false;false;266;;
291;;Ninjask;bug/flying;3;fully_evolved;false;false;false;456;;
292;;Ninjatom;bug/ghost;3;fully_evolved;false;false;false;236;;
293;;Flurmel;normal;3;first_stage;false;false;false;240;;
294;;Krakeelo;normal;3;middle_stage;false;false;false;360;;
295;;Krawumms;normal;3;fully_evolved;false;false;false;490;;
296;;Makuhita;fighting;3;not_fully_evolved;false;false;false;237;;
297;;Hariyama;fighting;3;fully_evolved;false;false;false;474;;
298;;Azurill;normal/fairy;3;baby;false;false;true;190;;
299;;Nasgnet;rock;3;not_fully_evolved;false;false;false;375;;
300;;Eneco;normal;3;not_fully_evolved;false;false;false;260;;
301;;Enekoro;normal;3;fully_evolved;false;false;false;400;;
302;;Zobiris;dark/ghost;3;no_evolution;false;false;false;380;;
303;;Flunkifer;steel/fairy;3;no_evolution;false;false;false;380;;
304;;Stollunior;steel/rock;3;first_stage;false;false;false;330;;
305;;Stollrak;steel/rock;3;middle_stage;false;false;false;430;;
306;;Stolloss;steel/rock;3;fully_evolved;false;false;false;530;;
307;;Meditie;fighting/psychic;3;not_fully_evolved;false;false;false;280;;
308;;Meditalis;fighting/psychic;3;fully_evolved;false;false;false;410;;
309;;Frizelbliz;electric;3;not_fully_evolved;false;false;false;295;;
310;;Voltenso;electric;3;fully_evolved;false;false;false;475;;
311;;Plusle;electric;3;no_evolution;false;false;false;405;;
312;;Minun;electric;3;no_evolution;false;false;false;405;;
313;;Volbeat;bug;3;no_evolution;false;false;false;430;;
314;;Illumise;bug;3;no_evolution;false;false;false;430;;
315;;Roselia;grass/poison;3;not_fully_evolved;false;false;false;400;;
316;;Schluppuck;poison;3;not_fully_evolved;false;false;false;302;;
317;;Schlukwech;poison;3;fully_evolved;false;false;false;467;;
318;;Kanivanha;water/dark;3;not_fully_evolved;false;false;false;305;;
319;;Tohaido;water/dark;3;fully_evolved;false;false;false;460;;
320;;Wailmer;water;3;not_fully_evolved;false;false;false;400;;
321;;Wailord;water;3;fully_evolved;false;false;false;500;;
322;;Camaub;fire/ground;3;not_fully_evolved;false;false;false;305;;
323;;Camerupt;fire/ground;3;fully_evolved;false;false;false;460;;
324;;Qurtel;fire;3;no_evolution;false;false;false;470;;
325;;Spoink;psychic;3;not_fully_evolved;false;false;false;330;;
326;;Groink;psychic;3;fully_evolved;false;false;false;470;;
327;;Pandir;normal;3;no_evolution;false;false;false;360;;
328;;Knacklion;ground;3;first_stage;false;false;false;290;;
329;;Vibrava;ground/dragon;3;middle_stage;false;false;false;340;;
330;;Libelldra;ground/dragon;3;fully_evolved;false;false;false;520;;
331;;Tuska;grass;3;not_fully_evolved;false;false;false;335;;
332;;Noktuska;grass/dark;3;fully_evolved;false;false;false;475;;
333;;Wablu;normal/flying;3;not_fully_evolved;false;false;false;310;;
334;;Altaria;dragon/flying;3;fully_evolved;false;false;false;490;;
335;;Sengo;normal;3;no_evolution;false;false;false;458;;
336;;Vipitis;poison;3;no_evolution;false;false;false;458;;
337;;Lunastein;rock/psychic;3;no_evolution;false;false;false;460;;
338;;Sonnfel;rock/psychic;3;no_evolution;false;false;false;460;;
339;;Schmerbe;water/ground;3;not_fully_evolved;false;false;false;288;;
340;;Welsar;water/ground;3;fully_evolved;false;false;false;468;;
341;;Krebscorps;water;3;not_fully_evolved;false;false;false;308;;
342;;Krebutack;water/dark;3;fully_evolved;false;false;false;468;;
343;;Puppance;ground/psychic;3;not_fully_evolved;false;false;false;300;;
344;;Lepumentas;ground/psychic;3;fully_evolved;false;false;false;500;;
345;;Liliep;rock/grass;3;not_fully_evolved;false;false;false;355;;
346;;Wielie;rock/grass;3;fully_evolved;false;false;false;495;;
347;;Anorith;rock/bug;3;not_fully_evolved;false;false;false;355;;
348;;Armaldo;rock/bug;3;fully_evolved;false;false;false;495;;
349;;Barschwa;water;3;not_fully_evolved;false;false;false;200;;
350;;Milotic;water;3;fully_evolved;false;false;false;540;;
351;;Formeo;normal;3;no_evolution;false;false;false;420;Formeo (Sonne) | Formeo (Regen) | Formeo (Schnee);
352;;Kecleon;normal;3;no_evolution;false;false;false;440;;
353;;Shuppet;ghost;3;not_fully_evolved;false;false;false;295;;
354;;Banette;ghost;3;fully_evolved;false;false;false;455;;
355;;Zwirrlicht;ghost;3;first_stage;false;false;false;295;;
356;;Zwirrklop;ghost;3;middle_stage;false;false;false;455;;
357;;Tropius;grass/flying;3;no_evolution;false;false;false;460;;
358;;Palimpalim;psychic;3;no_evolution;false;false;false;455;;
359;;Absol;dark;3;no_evolution;false;false;false;465;;
360;;Isso;psychic;3;baby;false;false;true;260;;
361;;Schneppke;ice;3;not_fully_evolved;false;false;false;300;;
362;;Firnontor;ice;3;fully_evolved;false;false;false;480;;
363;;Seemops;ice/water;3;first_stage;false;false;false;290;;
364;;Seejong;ice/water;3;middle_stage;false;false;false;410;;
365;;Walraisa;ice/water;3;fully_evolved;false;false;false;530;;
366;;Perlu;water;3;not_fully_evolved;false;false;false;345;;
367;;Aalabyss;water;3;fully_evolved;false;false;false;485;;
368;;Saganabyss;water;3;fully_evolved;false;false;false;485;;
369;;Relicanth;water/rock;3;no_evolution;false;false;false;485;;
370;;Liebiskus;water;3;no_evolution;false;false;false;330;;
371;;Kindwurm;dragon;3;first_stage;false;false;false;300;;
372;;Draschel;dragon;3;middle_stage;false;false;false;420;;
373;;Brutalanda;dragon/flying;3;fully_evolved;false;false;false;600;;
374;;Tanhel;steel/psychic;3;first_stage;false;false;false;300;;
375;;Metang;steel/psychic;3;middle_stage;false;false;false;420;;
376;;Metagross;steel/psychic;3;fully_evolved;false;false;false;600;;
377;;Regirock;rock;3;no_evolution;true;false;false;580;;
378;;Regice;ice;3;no_evolution;true;false;false;580;;
379;;Registeel;steel;3;no_evolution;true;false;false;580;;
380;;Latias;dragon/psychic;3;no_evolution;true;false;false;600;;
381;;Latios;dragon/psychic;3;no_evolution;true;false;false;600;;
382;;Kyogre;water;3;no_evolution;true;false;false;670;;
383;;Groudon;ground;3;no_evolution;true;false;false;670;;
384;;Rayquaza;dragon/flying;3;no_evolution;true;false;false;680;;
385;;Jirachi;steel/psychic;3;no_evolution;false;true;false;600;;
386;;Deoxys;psychic;3;no_evolution;false;true;false;600;Deoxys (Angriff) | Deoxys (Verteidigung) | Deoxys (Initiative);
387;;Chelast;grass;4;first_stage;false;false;false;318;;
388;;Chelcarain;grass;4;middle_stage;false;false;false;405;;
389;;Chelterrar;grass/ground;4;fully_evolved;false;false;false;525;;
390;;Panflam;fire;4;first_stage;false;false;false;309;;
391;;Panpyro;fire/fighting;4;middle_stage;false;false;false;405;;
392;;Panferno;fire/fighting;4;fully_evolved;false;false;false;534;;
393;;Plinfa;water;4;first_stage;false;false;false;314;;
394;;Pliprin;water;4;middle_stage;false;false;false;405;;
395;;Impoleon;water/steel;4;fully_evolved;false;false;false;530;;
396;;Staralili;normal/flying;4;first_stage;false;false;false;245;;
397;;Staravia;normal/flying;4;middle_stage;false;false;false;340;;
398;;Staraptor;normal/flying;4;fully_evolved;false;false;false;485;;
399;;Bidiza;normal;4;not_fully_evolved;false;false;false;250;;
400;;Bidifas;normal/water;4;fully_evolved;false;false;false;410;;
401;;Zirpurze;bug;4;not_fully_evolved;false;false;false;194;;
402;;Zirpeise;bug;4;fully_evolved;false;false;false;384;;
403;;Sheinux;electric;4;first_stage;false;false;false;263;;
404;;Luxio;electric;4;middle_stage;false;false;false;363;;
405;;Luxtra;electric;4;fully_evolved;false;false;false;523;;
406;;Knospi;grass/poison;4;baby;false;false;true;280;;
407;;Roserade;grass/poison;4;fully_evolved;false;false;false;515;;
408;;Koknodon;rock;4;not_fully_evolved;false;false;false;350;;
409;;Rameidon;rock;4;fully_evolved;false;false;false;495;;
410;;Schilterus;rock/steel;4;not_fully_evolved;false;false;false;350;;
411;;Bollterus;rock/steel;4;fully_evolved;false;false;false;495;;
412;;Burmy;bug;4;not_fully_evolved;false;false;false;224;;
413;;Burmadame;bug/grass;4;fully_evolved;false;false;false;424;Burmadame (Sand) | Burmadame (Lumpen);
414;;Moterpel;bug/flying;4;fully_evolved;false;false;false;424;;
415;;Wadribie;bug/flying;4;not_fully_evolved;false;false;false;244;;
416;;Honweisel;bug/flying;4;fully_evolved;false;false;false;474;;
417;;Pachirisu;electric;4;no_evolution;false;false;false;405;;
418;;Bamelin;water;4;not_fully_evolved;false;false;false;330;;
419;;Bojelin;water;4;fully_evolved;false;false;false;495;;
420;;Kikugi;grass;4;not_fully_evolved;false;false;false;275;;
421;;Kinoso;grass;4;fully_evolved;false;false;false;450;;
422;;Schalellos;water;4;not_fully_evolved;false;false;false;325;;
423;;Gastrodon;water/ground;4;fully_evolved;false;false;false;475;;
424;;Ambidiffel;normal;4;fully_evolved;false;false;false;482;;
425;;Driftlon;ghost/flying;4;not_fully_evolved;false;false;false;348;;
426;;Drifzepeli;ghost/flying;4;fully_evolved;false;false;false;498;;
427;;Haspiror;normal;4;not_fully_evolved;false;false;false;350;;
428;;Schlapor;normal;4;fully_evolved;false;false;false;480;;
429;;Traunmagil;ghost;4;fully_evolved;false;false;false;495;;
430;;Kramshef;dark/flying;4;fully_evolved;false;false;false;505;;
431;;Charmian;normal;4;not_fully_evolved;false;false;false;310;;
432;;Shnurgarst;normal;4;fully_evolved;false;false;false;452;;
433;;Klingplim;psychic;4;baby;false;false;true;285;;
434;;Skunkapuh;poison/dark;4;not_fully_evolved;false;false;false;329;;
435;;Skuntank;poison/dark;4;fully_evolved;false;false;false;479;;
436;;Bronzel;steel/psychic;4;not_fully_evolved;false;false;false;300;;
437;;Bronzong;steel/psychic;4;fully_evolved;false;false;false;500;;
438;;Mobai;rock;4;baby;false;false;true;290;;
439;;Pantimimi;psychic/fairy;4;baby;false;false;true;310;;
440;;Wonneira;normal;4;baby;false;false;true;220;;
441;;Plaudagei;normal/flying;4;no_evolution;false;false;false;411;;
442;;Kryppuk;ghost/dark;4;no_evolution;false;false;false;485;;
443;;Kaumalat;dragon/ground;4;first_stage;false;false;false;300;;
444;;Knarksel;dragon/ground;4;middle_stage;false;false;false;410;;
445;;Knakrack;dragon/ground;4;fully_evolved;false;false;false;600;;
446;;Mampfaxo;normal;4;baby;false;false;true;390;;
447;;Riolu;fighting;4;baby;false;false;true;285;;
448;;Lucario;fighting/steel;4;no_evolution;false;false;false;525;;
449;;Hippopotas;ground;4;not_fully_evolved;false;false;false;330;;
450;;Hippoterus;ground;4;fully_evolved;false;false;false;525;;
451;;Pionskora;poison/bug;4;not_fully_evolved;false;false;false;330;;
452;;Piondragi;poison/dark;4;fully_evolved;false;false;false;500;;
453;;Glibunkel;poison/fighting;4;not_fully_evolved;false;false;false;300;;
454;;Toxiquak;poison/fighting;4;fully_evolved;false;false;false;490;;
455;;Venuflibis;grass;4;no_evolution;false;false;false;454;;
456;;Finneon;water;4;not_fully_evolved;false;false;false;330;;
457;;Lumineon;water;4;fully_evolved;false;false;false;460;;
458;;Mantirps;water/flying;4;baby;false;false;true;345;;
459;;Shnebedeck;grass/ice;4;not_fully_evolved;false;false;false;334;;
460;;Rexblisar;grass/ice;4;fully_evolved;false;false;false;494;;
461;;Snibunna;dark/ice;4;fully_evolved;false;false;false;510;;
462;;Magnezone;electric/steel;4;fully_evolved;false;false;false;535;;
463;;Schlurplek;normal;4;fully_evolved;false;false;false;515;;
464;;Rihornior;ground/rock;4;fully_evolved;false;false;false;535;;
465;;Tangoloss;grass;4;fully_evolved;false;false;false;535;;
466;;Elevoltek;electric;4;fully_evolved;false;false;false;540;;
467;;Magbrant;fire;4;fully_evolved;false;false;false;540;;
468;;Togekiss;fairy/flying;4;fully_evolved;false;false;false;545;;
469;;Yanmega;bug/flying;4;fully_evolved;false;false;false;515;;
470;;Folipurba;grass;4;fully_evolved;false;false;false;525;;
471;;Glaziola;ice;4;fully_evolved;false;false;false;525;;
472;;Skorgro;ground/flying;4;fully_evolved;false;false;false;510;;
473;;Mamutel;ice/ground;4;fully_evolved;false;false;false;530;;
474;;Porygon-Z;normal;4;fully_evolved;false;false;false;535;;
475;;Galagladi;psychic/fighting;4;fully_evolved;false;false;false;518;;
476;;Voluminas;rock/steel;4;fully_evolved;false;false;false;525;;
477;;Zwirrfinst;ghost;4;fully_evolved;false;false;false;525;;
478;;Frosdedje;ice/ghost;4;fully_evolved;false;false;false;480;;
479;;Rotom;electric/ghost;4;no_evolution;false;false;false;440;Hitze-Rotom | Wasch-Rotom | Frost-Rotom | Wirbel-Rotom | Schneid-Rotom;
480;;Selfe;psychic;4;no_evolution;true;false;false;580;;
481;;Vesprit;psychic;4;no_evolution;true;false;false;580;;
482;;Tobutz;psychic;4;no_evolution;true;false;false;580;;
483;;Dialga;steel/dragon;4;no_evolution;true;false;false;680;Ur-Dialga;
484;;Palkia;water/dragon;4;no_evolution;true;false;false;680;Ur-Palkia;
485;;Heatran;fire/steel;4;no_evolution;true;false;false;600;;
486;;Regigigas;normal;4;no_evolution;true;false;false;670;;
487;;Giratina;ghost/dragon;4;no_evolution;true;false;false;680;Ur-Giratina;
488;;Cresselia;psychic;4;no_evolution;true;false;false;580;;
489;;Phione;water;4;not_fully_evolved;false;true;false;480;;
490;;Manaphy;water;4;fully_evolved;false;true;false;600;;
491;;Darkrai;dark;4;no_evolution;false;true;false;600;;
492;;Shaymin;grass;4;no_evolution;false;true;false;600;Shaymin (Zenit);
493;;Arceus;normal;4;no_evolution;false;true;false;720;;
494;;Victini;psychic/fire;5;no_evolution;false;true;false;600;;
495;;Serpifeu;grass;5;first_stage;false;false;false;308;;
496;;Efoserp;grass;5;middle_stage;false;false;false;413;;
497;;Serpiroyal;grass;5;fully_evolved;false;false;false;528;;
498;;Floink;fire;5;first_stage;false;false;false;308;;
499;;Ferkokel;fire/fighting;5;middle_stage;false;false;false;418;;
500;;Flambirex;fire/fighting;5;fully_evolved;false;false;false;528;;
501;;Ottaro;water;5;first_stage;false;false;false;308;;
502;;Zwottronin;water;5;middle_stage;false;false;false;413;;
503;;Admurai;water;5;fully_evolved;false;false;false;528;;
503;hisui;Hisui-Admurai;water/dark;8;fully_evolved;false;false;false;528;;"synthetisierter Name; Generation=""Einfuehrung der Regionalform"" (hisui->Gen 8), nicht Basis-Generation"
504;;Nagelotz;normal;5;not_fully_evolved;false;false;false;255;;
505;;Kukmarda;normal;5;fully_evolved;false;false;false;420;;
506;;Yorkleff;normal;5;first_stage;false;false;false;275;;
507;;Terribark;normal;5;middle_stage;false;false;false;370;;
508;;Bissbark;normal;5;fully_evolved;false;false;false;500;;
509;;Felilou;dark;5;not_fully_evolved;false;false;false;281;;
510;;Kleoparda;dark;5;fully_evolved;false;false;false;446;;
511;;Vegimak;grass;5;not_fully_evolved;false;false;false;316;;
512;;Vegichita;grass;5;fully_evolved;false;false;false;498;;
513;;Grillmak;fire;5;not_fully_evolved;false;false;false;316;;
514;;Grillchita;fire;5;fully_evolved;false;false;false;498;;
515;;Sodamak;water;5;not_fully_evolved;false;false;false;316;;
516;;Sodachita;water;5;fully_evolved;false;false;false;498;;
517;;Somniam;psychic;5;not_fully_evolved;false;false;false;292;;
518;;Somnivora;psychic;5;fully_evolved;false;false;false;487;;
519;;Dusselgurr;normal/flying;5;first_stage;false;false;false;264;;
520;;Navitaub;normal/flying;5;middle_stage;false;false;false;358;;
521;;Fasasnob;normal/flying;5;fully_evolved;false;false;false;488;;
522;;Elezeba;electric;5;not_fully_evolved;false;false;false;295;;
523;;Zebritz;electric;5;fully_evolved;false;false;false;497;;
524;;Kiesling;rock;5;first_stage;false;false;false;280;;
525;;Sedimantur;rock;5;middle_stage;false;false;false;390;;
526;;Brockoloss;rock;5;fully_evolved;false;false;false;515;;
527;;Fleknoil;psychic/flying;5;not_fully_evolved;false;false;false;323;;
528;;Fletiamo;psychic/flying;5;fully_evolved;false;false;false;425;;
529;;Rotomurf;ground;5;not_fully_evolved;false;false;false;328;;
530;;Stalobor;ground/steel;5;fully_evolved;false;false;false;508;;
531;;Ohrdoch;normal;5;no_evolution;false;false;false;445;;
532;;Praktibalk;fighting;5;first_stage;false;false;false;305;;
533;;Strepoli;fighting;5;middle_stage;false;false;false;405;;
534;;Meistagrif;fighting;5;fully_evolved;false;false;false;505;;
535;;Schallquap;water;5;first_stage;false;false;false;294;;
536;;Mebrana;water/ground;5;middle_stage;false;false;false;384;;
537;;Branawarz;water/ground;5;fully_evolved;false;false;false;509;;
538;;Jiutesto;fighting;5;no_evolution;false;false;false;465;;
539;;Karadonis;fighting;5;no_evolution;false;false;false;465;;
540;;Strawickl;bug/grass;5;first_stage;false;false;false;310;;
541;;Folikon;bug/grass;5;middle_stage;false;false;false;380;;
542;;Matrifol;bug/grass;5;fully_evolved;false;false;false;500;;
543;;Toxiped;bug/poison;5;first_stage;false;false;false;260;;
544;;Rollum;bug/poison;5;middle_stage;false;false;false;360;;
545;;Cerapendra;bug/poison;5;fully_evolved;false;false;false;485;;
546;;Waumboll;grass/fairy;5;not_fully_evolved;false;false;false;280;;
547;;Elfun;grass/fairy;5;fully_evolved;false;false;false;480;;
548;;Lilminip;grass;5;not_fully_evolved;false;false;false;280;;
549;;Dressella;grass;5;fully_evolved;false;false;false;480;;
549;hisui;Hisui-Dressella;grass/fighting;8;fully_evolved;false;false;false;480;;"synthetisierter Name; Generation=""Einfuehrung der Regionalform"" (hisui->Gen 8), nicht Basis-Generation"
550;;Barschuft;water;5;not_fully_evolved;false;false;false;460;;
551;;Ganovil;ground/dark;5;first_stage;false;false;false;292;;
552;;Rokkaiman;ground/dark;5;middle_stage;false;false;false;351;;
553;;Rabigator;ground/dark;5;fully_evolved;false;false;false;519;;
554;;Flampion;fire;5;not_fully_evolved;false;false;false;315;;
554;galar;Galar-Flampion;ice;8;not_fully_evolved;false;false;false;315;;"synthetisierter Name; Generation=""Einfuehrung der Regionalform"" (galar->Gen 8), nicht Basis-Generation"
555;;Flampivian;fire;5;fully_evolved;false;false;false;480;Flampivian (Trance) | Galar Flampivian | Galar Flampivian (Trance);
556;;Maracamba;grass;5;no_evolution;false;false;false;461;;
557;;Lithomith;bug/rock;5;not_fully_evolved;false;false;false;325;;
558;;Castellith;bug/rock;5;fully_evolved;false;false;false;485;;
559;;Zurrokex;dark/fighting;5;not_fully_evolved;false;false;false;348;;
560;;Irokex;dark/fighting;5;fully_evolved;false;false;false;488;;
561;;Symvolara;psychic/flying;5;no_evolution;false;false;false;490;;
562;;Makabaja;ghost;5;not_fully_evolved;false;false;false;303;;
562;galar;Galar-Makabaja;ground/ghost;8;not_fully_evolved;false;false;false;303;;"synthetisierter Name; Generation=""Einfuehrung der Regionalform"" (galar->Gen 8), nicht Basis-Generation"
563;;Echnatoll;ghost;5;fully_evolved;false;false;false;483;;
564;;Galapaflos;water/rock;5;not_fully_evolved;false;false;false;355;;
565;;Karippas;water/rock;5;fully_evolved;false;false;false;495;;
566;;Flapteryx;rock/flying;5;not_fully_evolved;false;false;false;401;;
567;;Aeropteryx;rock/flying;5;fully_evolved;false;false;false;567;;
568;;Unratütox;poison;5;not_fully_evolved;false;false;false;329;;
569;;Deponitox;poison;5;fully_evolved;false;false;false;474;;
570;;Zorua;dark;5;not_fully_evolved;false;false;false;330;;
570;hisui;Hisui-Zorua;normal/ghost;8;not_fully_evolved;false;false;false;330;;"synthetisierter Name; Generation=""Einfuehrung der Regionalform"" (hisui->Gen 8), nicht Basis-Generation"
571;;Zoroark;dark;5;fully_evolved;false;false;false;510;;
571;hisui;Hisui-Zoroark;normal/ghost;8;fully_evolved;false;false;false;510;;"synthetisierter Name; Generation=""Einfuehrung der Regionalform"" (hisui->Gen 8), nicht Basis-Generation"
572;;Picochilla;normal;5;not_fully_evolved;false;false;false;300;;
573;;Chillabell;normal;5;fully_evolved;false;false;false;470;;
574;;Mollimorba;psychic;5;first_stage;false;false;false;290;;
575;;Hypnomorba;psychic;5;middle_stage;false;false;false;390;;
576;;Morbitesse;psychic;5;fully_evolved;false;false;false;490;;
577;;Monozyto;psychic;5;first_stage;false;false;false;290;;
578;;Mitodos;psychic;5;middle_stage;false;false;false;370;;
579;;Zytomega;psychic;5;fully_evolved;false;false;false;490;;
580;;Piccolente;water/flying;5;not_fully_evolved;false;false;false;305;;
581;;Swaroness;water/flying;5;fully_evolved;false;false;false;473;;
582;;Gelatini;ice;5;first_stage;false;false;false;305;;
583;;Gelatroppo;ice;5;middle_stage;false;false;false;395;;
584;;Gelatwino;ice;5;fully_evolved;false;false;false;535;;
585;;Sesokitz;normal/grass;5;not_fully_evolved;false;false;false;335;;
586;;Kronjuwild;normal/grass;5;fully_evolved;false;false;false;475;;
587;;Emolga;electric/flying;5;no_evolution;false;false;false;428;;
588;;Laukaps;bug;5;not_fully_evolved;false;false;false;315;;
589;;Cavalanzas;bug/steel;5;fully_evolved;false;false;false;495;;
590;;Tarnpignon;grass/poison;5;not_fully_evolved;false;false;false;294;;
591;;Hutsassa;grass/poison;5;fully_evolved;false;false;false;464;;
592;;Quabbel;water/ghost;5;not_fully_evolved;false;false;false;335;;
593;;Apoquallyp;water/ghost;5;fully_evolved;false;false;false;480;;
594;;Mamolida;water;5;no_evolution;false;false;false;470;;
595;;Wattzapf;bug/electric;5;not_fully_evolved;false;false;false;319;;
596;;Voltula;bug/electric;5;fully_evolved;false;false;false;472;;
597;;Kastadur;grass/steel;5;not_fully_evolved;false;false;false;305;;
598;;Tentantel;grass/steel;5;fully_evolved;false;false;false;489;;
599;;Klikk;steel;5;first_stage;false;false;false;300;;
600;;Kliklak;steel;5;middle_stage;false;false;false;440;;
601;;Klikdiklak;steel;5;fully_evolved;false;false;false;520;;
602;;Zapplardin;electric;5;first_stage;false;false;false;275;;
603;;Zapplalek;electric;5;middle_stage;false;false;false;405;;
604;;Zapplarang;electric;5;fully_evolved;false;false;false;515;;
605;;Pygraulon;psychic;5;not_fully_evolved;false;false;false;335;;
606;;Megalon;psychic;5;fully_evolved;false;false;false;485;;
607;;Lichtel;ghost/fire;5;first_stage;false;false;false;275;;
608;;Laternecto;ghost/fire;5;middle_stage;false;false;false;370;;
609;;Skelabra;ghost/fire;5;fully_evolved;false;false;false;520;;
610;;Milza;dragon;5;first_stage;false;false;false;320;;
611;;Sharfax;dragon;5;middle_stage;false;false;false;410;;
612;;Maxax;dragon;5;fully_evolved;false;false;false;540;;
613;;Petznief;ice;5;not_fully_evolved;false;false;false;305;;
614;;Siberio;ice;5;fully_evolved;false;false;false;505;;
615;;Frigometri;ice;5;no_evolution;false;false;false;515;;
616;;Schnuthelm;bug;5;not_fully_evolved;false;false;false;305;;
617;;Hydragil;bug;5;fully_evolved;false;false;false;495;;
618;;Flunschlik;ground/electric;5;no_evolution;false;false;false;471;;
618;galar;Galar-Flunschlik;ground/steel;8;no_evolution;false;false;false;471;;"synthetisierter Name; Generation=""Einfuehrung der Regionalform"" (galar->Gen 8), nicht Basis-Generation"
619;;Lin-Fu;fighting;5;not_fully_evolved;false;false;false;350;;
620;;Wie-Shu;fighting;5;fully_evolved;false;false;false;510;;
621;;Shardrago;dragon;5;no_evolution;false;false;false;485;;
622;;Golbit;ground/ghost;5;not_fully_evolved;false;false;false;303;;
623;;Golgantes;ground/ghost;5;fully_evolved;false;false;false;483;;
624;;Gladiantri;dark/steel;5;first_stage;false;false;false;340;;
625;;Caesurio;dark/steel;5;middle_stage;false;false;false;490;;
626;;Bisofank;normal;5;no_evolution;false;false;false;490;;
627;;Geronimatz;normal/flying;5;not_fully_evolved;false;false;false;350;;
628;;Washakwil;normal/flying;5;fully_evolved;false;false;false;510;;
628;hisui;Hisui-Washakwil;psychic/flying;8;fully_evolved;false;false;false;510;;"synthetisierter Name; Generation=""Einfuehrung der Regionalform"" (hisui->Gen 8), nicht Basis-Generation"
629;;Skallyk;dark/flying;5;not_fully_evolved;false;false;false;370;;
630;;Grypheldis;dark/flying;5;fully_evolved;false;false;false;510;;
631;;Furnifraß;fire;5;no_evolution;false;false;false;484;;
632;;Fermicula;bug/steel;5;no_evolution;false;false;false;484;;
633;;Kapuno;dark/dragon;5;first_stage;false;false;false;300;;
634;;Duodino;dark/dragon;5;middle_stage;false;false;false;420;;
635;;Trikephalo;dark/dragon;5;fully_evolved;false;false;false;600;;
636;;Ignivor;bug/fire;5;not_fully_evolved;false;false;false;360;;
637;;Ramoth;bug/fire;5;fully_evolved;false;false;false;550;;
638;;Kobalium;steel/fighting;5;no_evolution;true;false;false;580;;
639;;Terrakium;rock/fighting;5;no_evolution;true;false;false;580;;
640;;Viridium;grass/fighting;5;no_evolution;true;false;false;580;;
641;;Boreos;flying;5;no_evolution;true;false;false;580;Boreos (Tiergeist);
642;;Voltolos;electric/flying;5;no_evolution;true;false;false;580;Voltolos (Tiergeist);
643;;Reshiram;dragon/fire;5;no_evolution;true;false;false;680;;
644;;Zekrom;dragon/electric;5;no_evolution;true;false;false;680;;
645;;Demeteros;ground/flying;5;no_evolution;true;false;false;600;Demeteros (Tiergeist);
646;;Kyurem;dragon/ice;5;no_evolution;true;false;false;660;Schwarzes Kyurem | Weißes Kyurem;
647;;Keldeo;water/fighting;5;no_evolution;false;true;false;580;;
648;;Meloetta;normal/psychic;5;no_evolution;false;true;false;600;Meloetta (Tanz);
649;;Genesect;bug/steel;5;no_evolution;false;true;false;600;;
650;;Igamaro;grass;6;first_stage;false;false;false;313;;
651;;Igastarnish;grass;6;middle_stage;false;false;false;405;;
652;;Brigaron;grass/fighting;6;fully_evolved;false;false;false;530;;
653;;Fynx;fire;6;first_stage;false;false;false;307;;
654;;Rutena;fire;6;middle_stage;false;false;false;409;;
655;;Fennexis;fire/psychic;6;fully_evolved;false;false;false;534;;
656;;Froxy;water;6;first_stage;false;false;false;314;;
657;;Amphizel;water;6;middle_stage;false;false;false;405;;
658;;Quajutsu;water/dark;6;fully_evolved;false;false;false;530;Ash Quajutsu;
659;;Scoppel;normal;6;not_fully_evolved;false;false;false;237;;
660;;Grebbit;normal/ground;6;fully_evolved;false;false;false;423;;
661;;Dartiri;normal/flying;6;first_stage;false;false;false;278;;
662;;Dartignis;fire/flying;6;middle_stage;false;false;false;382;;
663;;Fiaro;fire/flying;6;fully_evolved;false;false;false;499;;
664;;Purmel;bug;6;first_stage;false;false;false;200;;
665;;Puponcho;bug;6;middle_stage;false;false;false;213;;
666;;Vivillon;bug/flying;6;fully_evolved;false;false;false;411;;
667;;Leufeo;fire/normal;6;not_fully_evolved;false;false;false;369;;
668;;Pyroleo;fire/normal;6;fully_evolved;false;false;false;507;;
669;;Flabébé;fairy;6;first_stage;false;false;false;303;;
670;;Floette;fairy;6;middle_stage;false;false;false;371;Floette (Ewigblütler);
671;;Florges;fairy;6;fully_evolved;false;false;false;552;;
672;;Mähikel;grass;6;not_fully_evolved;false;false;false;350;;
673;;Chevrumm;grass;6;fully_evolved;false;false;false;531;;
674;;Pam-Pam;fighting;6;not_fully_evolved;false;false;false;348;;
675;;Pandagro;fighting/dark;6;fully_evolved;false;false;false;495;;
676;;Coiffwaff;normal;6;no_evolution;false;false;false;472;;
677;;Psiau;psychic;6;not_fully_evolved;false;false;false;355;;
678;;Psiaugon;psychic;6;fully_evolved;false;false;false;466;;
679;;Gramokles;steel/ghost;6;first_stage;false;false;false;325;;
680;;Duokles;steel/ghost;6;middle_stage;false;false;false;448;;
681;;Durengard;steel/ghost;6;fully_evolved;false;false;false;500;Durengard (Klinge);
682;;Parfi;fairy;6;not_fully_evolved;false;false;false;341;;
683;;Parfinesse;fairy;6;fully_evolved;false;false;false;462;;
684;;Flauschling;fairy;6;not_fully_evolved;false;false;false;341;;
685;;Sabbaione;fairy;6;fully_evolved;false;false;false;480;;
686;;Iscalar;dark/psychic;6;not_fully_evolved;false;false;false;288;;
687;;Calamanero;dark/psychic;6;fully_evolved;false;false;false;482;;
688;;Bithora;rock/water;6;not_fully_evolved;false;false;false;306;;
689;;Thanathora;rock/water;6;fully_evolved;false;false;false;500;;
690;;Algitt;poison/water;6;not_fully_evolved;false;false;false;320;;
691;;Tandrak;poison/dragon;6;fully_evolved;false;false;false;494;;
692;;Scampisto;water;6;not_fully_evolved;false;false;false;330;;
693;;Wummer;water;6;fully_evolved;false;false;false;500;;
694;;Eguana;electric/normal;6;not_fully_evolved;false;false;false;289;;
695;;Elezard;electric/normal;6;fully_evolved;false;false;false;481;;
696;;Balgoras;rock/dragon;6;not_fully_evolved;false;false;false;362;;
697;;Monargoras;rock/dragon;6;fully_evolved;false;false;false;521;;
698;;Amarino;rock/ice;6;not_fully_evolved;false;false;false;362;;
699;;Amagarga;rock/ice;6;fully_evolved;false;false;false;521;;
700;;Feelinara;fairy;6;fully_evolved;false;false;false;525;;
701;;Resladero;fighting/flying;6;no_evolution;false;false;false;500;;
702;;Dedenne;electric/fairy;6;no_evolution;false;false;false;431;;
703;;Rocara;rock/fairy;6;no_evolution;false;false;false;500;;
704;;Viscora;dragon;6;first_stage;false;false;false;300;;
705;;Viscargot;dragon;6;middle_stage;false;false;false;452;;
705;hisui;Hisui-Viscargot;steel/dragon;8;middle_stage;false;false;false;452;;"synthetisierter Name; Generation=""Einfuehrung der Regionalform"" (hisui->Gen 8), nicht Basis-Generation"
706;;Viscogon;dragon;6;fully_evolved;false;false;false;600;;
706;hisui;Hisui-Viscogon;steel/dragon;8;fully_evolved;false;false;false;600;;"synthetisierter Name; Generation=""Einfuehrung der Regionalform"" (hisui->Gen 8), nicht Basis-Generation"
707;;Clavion;steel/fairy;6;no_evolution;false;false;false;470;;
708;;Paragoni;ghost/grass;6;not_fully_evolved;false;false;false;309;;
709;;Trombork;ghost/grass;6;fully_evolved;false;false;false;474;;
710;;Irrbis;ghost/grass;6;not_fully_evolved;false;false;false;335;Irrbis (S) | Irrbis (L) | Irrbis (XL);
711;;Pumpdjinn;ghost/grass;6;fully_evolved;false;false;false;494;Pumpdjinn (S) | Pumpdjinn (L) | Pumpdjinn (XL);
712;;Arktip;ice;6;not_fully_evolved;false;false;false;304;;
713;;Arktilas;ice;6;fully_evolved;false;false;false;514;;
713;hisui;Hisui-Arktilas;ice/rock;8;fully_evolved;false;false;false;514;;"synthetisierter Name; Generation=""Einfuehrung der Regionalform"" (hisui->Gen 8), nicht Basis-Generation"
714;;eF-eM;flying/dragon;6;not_fully_evolved;false;false;false;245;;
715;;UHaFnir;flying/dragon;6;fully_evolved;false;false;false;535;;
716;;Xerneas;fairy;6;no_evolution;true;false;false;680;;
717;;Yveltal;dark/flying;6;no_evolution;true;false;false;680;;
718;;Zygarde;dragon/ground;6;no_evolution;true;false;false;600;Zygarde (Optimum) | Zygarde (10%);
719;;Diancie;rock/fairy;6;no_evolution;false;true;false;600;;
720;;Hoopa;psychic/ghost;6;no_evolution;false;true;false;600;Entfesseltes Hoopa;
721;;Volcanion;fire/water;6;no_evolution;false;true;false;600;;
722;;Bauz;grass/flying;7;first_stage;false;false;false;320;;
723;;Arboretoss;grass/flying;7;middle_stage;false;false;false;420;;
724;;Silvarro;grass/ghost;7;fully_evolved;false;false;false;530;;
724;hisui;Hisui-Silvarro;grass/fighting;8;fully_evolved;false;false;false;530;;"synthetisierter Name; Generation=""Einfuehrung der Regionalform"" (hisui->Gen 8), nicht Basis-Generation"
725;;Flamiau;fire;7;first_stage;false;false;false;320;;
726;;Miezunder;fire;7;middle_stage;false;false;false;420;;
727;;Fuegro;fire/dark;7;fully_evolved;false;false;false;530;;
728;;Robball;water;7;first_stage;false;false;false;320;;
729;;Marikeck;water;7;middle_stage;false;false;false;420;;
730;;Primarene;water/fairy;7;fully_evolved;false;false;false;530;;
731;;Peppeck;normal/flying;7;first_stage;false;false;false;265;;
732;;Trompeck;normal/flying;7;middle_stage;false;false;false;355;;
733;;Tukanon;normal/flying;7;fully_evolved;false;false;false;485;;
734;;Mangunior;normal;7;not_fully_evolved;false;false;false;253;;
735;;Manguspektor;normal;7;fully_evolved;false;false;false;418;;
736;;Mabula;bug;7;first_stage;false;false;false;300;;
737;;Akkup;bug/electric;7;middle_stage;false;false;false;400;;
738;;Donarion;bug/electric;7;fully_evolved;false;false;false;500;;
739;;Krabbox;fighting;7;not_fully_evolved;false;false;false;338;;
740;;Krawell;fighting/ice;7;fully_evolved;false;false;false;478;;
741;;Choreogel;fire/flying;7;no_evolution;false;false;false;476;Choreogel (Cheerleading) | Choreogel (Hula) | Choreogel (Buyo);
742;;Wommel;bug/fairy;7;not_fully_evolved;false;false;false;304;;
743;;Bandelby;bug/fairy;7;fully_evolved;false;false;false;464;;
744;;Wuffels;rock;7;not_fully_evolved;false;false;false;280;;
745;;Wolwerock;rock;7;fully_evolved;false;false;false;487;Wolwerock (Nacht) | Wolwerock (Zwielicht);
746;;Lusardin;water;7;no_evolution;false;false;false;175;Lusardin (Schwarm);
747;;Garstella;poison/water;7;not_fully_evolved;false;false;false;305;;
748;;Aggrostella;poison/water;7;fully_evolved;false;false;false;495;;
749;;Pampuli;ground;7;not_fully_evolved;false;false;false;385;;
750;;Pampross;ground;7;fully_evolved;false;false;false;500;;
751;;Araqua;water/bug;7;not_fully_evolved;false;false;false;269;;
752;;Aranestro;water/bug;7;fully_evolved;false;false;false;454;;
753;;Imantis;grass;7;not_fully_evolved;false;false;false;250;;
754;;Mantidea;grass;7;fully_evolved;false;false;false;480;;
755;;Bubungus;grass/fairy;7;not_fully_evolved;false;false;false;285;;
756;;Lamellux;grass/fairy;7;fully_evolved;false;false;false;405;;
757;;Molunk;poison/fire;7;not_fully_evolved;false;false;false;320;;
758;;Amfira;poison/fire;7;fully_evolved;false;false;false;480;;
759;;Velursi;normal/fighting;7;not_fully_evolved;false;false;false;340;;
760;;Kosturso;normal/fighting;7;fully_evolved;false;false;false;500;;
761;;Frubberl;grass;7;first_stage;false;false;false;210;;
762;;Frubaila;grass;7;middle_stage;false;false;false;290;;
763;;Fruyal;grass;7;fully_evolved;false;false;false;510;;
764;;Curelei;fairy;7;no_evolution;false;false;false;485;;
765;;Kommandutan;normal/psychic;7;no_evolution;false;false;false;490;;
766;;Quartermak;fighting;7;no_evolution;false;false;false;490;;
767;;Reißlaus;bug/water;7;not_fully_evolved;false;false;false;230;;
768;;Tectass;bug/water;7;fully_evolved;false;false;false;530;;
769;;Sankabuh;ghost/ground;7;not_fully_evolved;false;false;false;320;;
770;;Colossand;ghost/ground;7;fully_evolved;false;false;false;480;;
771;;Gufa;water;7;no_evolution;false;false;false;410;;
772;;Typ:Null;normal;7;not_fully_evolved;true;false;false;534;;
773;;Amigento;normal;7;fully_evolved;true;false;false;570;;
774;;Meteno;rock/flying;7;no_evolution;false;false;false;440;Meteno (Rot) | Meteno (Orange) | Meteno (Gelb) | Meteno (Grün) | Meteno (Hellblau) | Meteno (Blau) | Meteno (Violett);
775;;Koalelu;normal;7;no_evolution;false;false;false;480;;
776;;Tortunator;fire/dragon;7;no_evolution;false;false;false;485;;
777;;Togedemaru;electric/steel;7;no_evolution;false;false;false;435;;
778;;Mimigma;ghost/fairy;7;no_evolution;false;false;false;476;;
779;;Knirfish;water/psychic;7;no_evolution;false;false;false;475;;
780;;Sen-Long;normal/dragon;7;no_evolution;false;false;false;485;;
781;;Moruda;ghost/grass;7;no_evolution;false;false;false;517;;
782;;Miniras;dragon;7;first_stage;false;false;false;300;;
783;;Mediras;dragon/fighting;7;middle_stage;false;false;false;420;;
784;;Grandiras;dragon/fighting;7;fully_evolved;false;false;false;600;;
785;;Kapu-Riki;electric/fairy;7;no_evolution;true;false;false;570;;
786;;Kapu-Fala;psychic/fairy;7;no_evolution;true;false;false;570;;
787;;Kapu-Toro;grass/fairy;7;no_evolution;true;false;false;570;;
788;;Kapu-Kime;water/fairy;7;no_evolution;true;false;false;570;;
789;;Cosmog;psychic;7;first_stage;true;false;false;200;;
790;;Cosmovum;psychic;7;middle_stage;true;false;false;400;;
791;;Solgaleo;psychic/steel;7;fully_evolved;true;false;false;680;;
792;;Lunala;psychic/ghost;7;fully_evolved;true;false;false;680;;
793;;Anego;rock/poison;7;no_evolution;false;false;false;570;;
794;;Masskito;bug/fighting;7;no_evolution;false;false;false;570;;
795;;Schabelle;bug/fighting;7;no_evolution;false;false;false;570;;
796;;Voltriant;electric;7;no_evolution;false;false;false;570;;
797;;Kaguron;steel/flying;7;no_evolution;false;false;false;570;;
798;;Katagami;grass/steel;7;no_evolution;false;false;false;570;;
799;;Schlingking;dark/dragon;7;no_evolution;false;false;false;570;;
800;;Necrozma;psychic;7;no_evolution;true;false;false;600;Necrozma (Abendmähne) | Necrozma (Morgenschwingen) | Ultra-Necrozma;
801;;Magearna;steel/fairy;7;no_evolution;false;true;false;600;;
802;;Marshadow;fighting/ghost;7;no_evolution;false;true;false;600;;
803;;Venicro;poison;7;not_fully_evolved;false;false;false;420;;
804;;Agoyon;poison/dragon;7;fully_evolved;false;false;false;540;;
805;;Muramura;rock/steel;7;no_evolution;false;false;false;570;;
806;;Kopplosio;fire/ghost;7;no_evolution;false;false;false;570;;
807;;Zeraora;electric;7;no_evolution;false;true;false;600;;
808;;Meltan;steel;7;no_evolution;false;true;false;300;;
809;;Melmetal;steel;7;no_evolution;false;true;false;600;;
810;;Chimpep;grass;8;first_stage;false;false;false;310;;
811;;Chimstix;grass;8;middle_stage;false;false;false;420;;
812;;Gortrom;grass;8;fully_evolved;false;false;false;530;;
813;;Hopplo;fire;8;first_stage;false;false;false;310;;
814;;Kickerlo;fire;8;middle_stage;false;false;false;420;;
815;;Liberlo;fire;8;fully_evolved;false;false;false;530;;
816;;Memmeon;water;8;first_stage;false;false;false;310;;
817;;Phlegleon;water;8;middle_stage;false;false;false;420;;
818;;Intelleon;water;8;fully_evolved;false;false;false;530;;
819;;Raffel;normal;8;not_fully_evolved;false;false;false;275;;
820;;Schlaraffel;normal;8;fully_evolved;false;false;false;460;;
821;;Meikro;flying;8;first_stage;false;false;false;245;;
822;;Kranoviz;flying;8;middle_stage;false;false;false;365;;
823;;Krarmor;flying/steel;8;fully_evolved;false;false;false;495;;
824;;Sensect;bug;8;first_stage;false;false;false;180;;
825;;Keradar;bug/psychic;8;middle_stage;false;false;false;335;;
826;;Maritellit;bug/psychic;8;fully_evolved;false;false;false;505;;
827;;Kleptifux;dark;8;not_fully_evolved;false;false;false;245;;
828;;Gaunux;dark;8;fully_evolved;false;false;false;455;;
829;;Cottini;grass;8;not_fully_evolved;false;false;false;250;;
830;;Cottomi;grass;8;fully_evolved;false;false;false;460;;
831;;Wolly;normal;8;not_fully_evolved;false;false;false;270;;
832;;Zwollock;normal;8;fully_evolved;false;false;false;490;;
833;;Kamehaps;water;8;not_fully_evolved;false;false;false;284;;
834;;Kamalm;water/rock;8;fully_evolved;false;false;false;485;;
835;;Voldi;electric;8;not_fully_evolved;false;false;false;270;;
836;;Bellektro;electric;8;fully_evolved;false;false;false;490;;
837;;Klonkett;rock;8;first_stage;false;false;false;240;;
838;;Wagong;rock/fire;8;middle_stage;false;false;false;410;;
839;;Montecarbo;rock/fire;8;fully_evolved;false;false;false;510;;
840;;Knapfel;grass/dragon;8;first_stage;false;false;false;260;;
841;;Drapfel;grass/dragon;8;fully_evolved;false;false;false;485;;
842;;Schlapfel;grass/dragon;8;fully_evolved;false;false;false;485;;
843;;Salanga;ground;8;not_fully_evolved;false;false;false;315;;
844;;Sanaconda;ground;8;fully_evolved;false;false;false;510;;
845;;Urgl;flying/water;8;no_evolution;false;false;false;475;;
846;;Pikuda;water;8;not_fully_evolved;false;false;false;280;;
847;;Barrakiefa;water;8;fully_evolved;false;false;false;490;;
848;;Toxel;electric/poison;8;baby;false;false;true;242;;
849;;Riffex;electric/poison;8;no_evolution;false;false;false;502;;
850;;Thermopod;fire/bug;8;not_fully_evolved;false;false;false;305;;
851;;Infernopod;fire/bug;8;fully_evolved;false;false;false;525;;
852;;Klopptopus;fighting;8;not_fully_evolved;false;false;false;310;;
853;;Kaocto;fighting;8;fully_evolved;false;false;false;480;;
854;;Fatalitee;ghost;8;not_fully_evolved;false;false;false;308;;
855;;Mortipot;ghost;8;fully_evolved;false;false;false;508;;
856;;Brimova;psychic;8;first_stage;false;false;false;265;;
857;;Brimano;psychic;8;middle_stage;false;false;false;370;;
858;;Silembrim;psychic/fairy;8;fully_evolved;false;false;false;510;;
859;;Bähmon;dark/fairy;8;first_stage;false;false;false;265;;
860;;Pelzebub;dark/fairy;8;middle_stage;false;false;false;370;;
861;;Olangaar;dark/fairy;8;fully_evolved;false;false;false;510;;
862;;Barrikadax;dark/normal;8;fully_evolved;false;false;false;520;;
863;;Mauzinger;steel;8;fully_evolved;false;false;false;440;;
864;;Gorgasonn;ghost;8;fully_evolved;false;false;false;510;;
865;;Lauchzelot;fighting;8;fully_evolved;false;false;false;507;;
866;;Pantifrost;ice/psychic;8;fully_evolved;false;false;false;520;;
867;;Oghnatoll;ground/ghost;8;fully_evolved;false;false;false;483;;
868;;Hokumil;fairy;8;not_fully_evolved;false;false;false;270;;
869;;Pokusan;fairy;8;fully_evolved;false;false;false;495;;
870;;Legios;fighting;8;no_evolution;false;false;false;470;;
871;;Britzigel;electric;8;no_evolution;false;false;false;435;;
872;;Snomnom;ice/bug;8;not_fully_evolved;false;false;false;185;;
873;;Mottineva;ice/bug;8;fully_evolved;false;false;false;475;;
874;;Humanolith;rock;8;no_evolution;false;false;false;470;;
875;;Kubuin;ice;8;no_evolution;false;false;false;470;Kubuin (Wohlfühlkopf);
876;;Servol;psychic/normal;8;no_evolution;false;false;false;475;Servol ♀;
877;;Morpeko;electric/dark;8;no_evolution;false;false;false;436;;
878;;Kupfanti;steel;8;not_fully_evolved;false;false;false;330;;
879;;Patinaraja;steel;8;fully_evolved;false;false;false;500;;
880;;Lectragon;electric/dragon;8;no_evolution;false;false;false;505;;
881;;Lecryodon;electric/ice;8;no_evolution;false;false;false;505;;
882;;Pescragon;water/dragon;8;no_evolution;false;false;false;505;;
883;;Pescryodon;water/ice;8;no_evolution;false;false;false;505;;
884;;Duraludon;steel/dragon;8;not_fully_evolved;false;false;false;535;;
885;;Grolldra;dragon/ghost;8;first_stage;false;false;false;270;;
886;;Phandra;dragon/ghost;8;middle_stage;false;false;false;410;;
887;;Katapuldra;dragon/ghost;8;fully_evolved;false;false;false;600;;
888;;Zacian;fairy;8;no_evolution;true;false;false;660;König Zacian;
889;;Zamazenta;fighting;8;no_evolution;true;false;false;660;König Zamazenta;
890;;Endynalos;poison/dragon;8;no_evolution;true;false;false;690;;
891;;Dakuma;fighting;8;not_fully_evolved;true;false;false;385;;
892;;Wulaosu;fighting/dark;8;fully_evolved;true;false;false;550;Wulaosu (Fließend);
893;;Zarude;dark/grass;8;no_evolution;false;true;false;600;;
894;;Regieleki;electric;8;no_evolution;true;false;false;580;;
895;;Regidrago;dragon;8;no_evolution;true;false;false;580;;
896;;Polaross;ice;8;no_evolution;true;false;false;580;;
897;;Phantoross;ghost;8;no_evolution;true;false;false;580;;
898;;Coronospa;psychic/grass;8;no_evolution;true;false;false;500;Coronospa (Schimmelreiter) | Coronospa (Rappenreiter);
899;;Damythir;normal/psychic;8;fully_evolved;false;false;false;525;;
900;;Axantor;bug/rock;8;fully_evolved;false;false;false;500;;
901;;Ursaluna;ground/normal;8;fully_evolved;false;false;false;550;Ursaluna (Blutmond);
902;;Salmagnis;water/ghost;8;fully_evolved;false;false;false;530;Salmagnis (Barschuft ♀);
903;;Snieboss;fighting/poison;8;fully_evolved;false;false;false;510;;
904;;Myriador;dark/poison;8;fully_evolved;false;false;false;510;;
905;;Cupidos;fairy/flying;8;no_evolution;true;false;false;580;Cupidos (Enamorus (Tiergeist));
906;;Felori;grass;9;first_stage;false;false;false;310;;
907;;Feliospa;grass;9;middle_stage;false;false;false;410;;
908;;Maskagato;grass/dark;9;fully_evolved;false;false;false;530;;
909;;Krokel;fire;9;first_stage;false;false;false;310;;
910;;Lokroko;fire;9;middle_stage;false;false;false;411;;
911;;Skelokrok;fire/ghost;9;fully_evolved;false;false;false;530;;
912;;Kwaks;water;9;first_stage;false;false;false;310;;
913;;Fuentente;water;9;middle_stage;false;false;false;410;;
914;;Bailonda;water/fighting;9;fully_evolved;false;false;false;530;;
915;;Ferkuli;normal;9;not_fully_evolved;false;false;false;254;;
916;;Fragrunz;normal;9;fully_evolved;false;false;false;489;Fragrunz (Female);"kein dt. Formname gefunden, Fallback aus Slug (""female"")"
917;;Tarundel;bug;9;not_fully_evolved;false;false;false;210;;
918;;Spinsidias;bug;9;fully_evolved;false;false;false;404;;
919;;Micrick;bug;9;not_fully_evolved;false;false;false;210;;
920;;Lextremo;bug/dark;9;fully_evolved;false;false;false;450;;
921;;Pamo;electric;9;first_stage;false;false;false;240;;
922;;Pamamo;electric/fighting;9;middle_stage;false;false;false;350;;
923;;Pamomamo;electric/fighting;9;fully_evolved;false;false;false;490;;
924;;Zwieps;normal;9;not_fully_evolved;false;false;false;305;;
925;;Famieps;normal;9;fully_evolved;false;false;false;470;;
926;;Hefel;fairy;9;not_fully_evolved;false;false;false;312;;
927;;Backel;fairy;9;fully_evolved;false;false;false;477;;
928;;Olini;grass/normal;9;first_stage;false;false;false;260;;
929;;Olivinio;grass/normal;9;middle_stage;false;false;false;354;;
930;;Olithena;grass/normal;9;fully_evolved;false;false;false;510;;
931;;Krawalloro;normal/flying;9;no_evolution;false;false;false;417;;
932;;Geosali;rock;9;first_stage;false;false;false;280;;
933;;Sedisal;rock;9;middle_stage;false;false;false;355;;
934;;Saltigant;rock;9;fully_evolved;false;false;false;500;;
935;;Knarbon;fire;9;not_fully_evolved;false;false;false;255;;
936;;Crimanzo;fire/psychic;9;fully_evolved;false;false;false;525;;
937;;Azugladis;fire/ghost;9;fully_evolved;false;false;false;525;;
938;;Blipp;electric;9;not_fully_evolved;false;false;false;272;;
939;;Wampitz;electric;9;fully_evolved;false;false;false;495;;
940;;Voltrel;electric/flying;9;not_fully_evolved;false;false;false;280;;
941;;Voltrean;electric/flying;9;fully_evolved;false;false;false;490;;
942;;Mobtiff;dark;9;not_fully_evolved;false;false;false;340;;
943;;Mastifioso;dark;9;fully_evolved;false;false;false;505;;
944;;Sproxi;poison/normal;9;not_fully_evolved;false;false;false;290;;
945;;Affiti;poison/normal;9;fully_evolved;false;false;false;485;;
946;;Weherba;grass/ghost;9;not_fully_evolved;false;false;false;275;;
947;;Horrerba;grass/ghost;9;fully_evolved;false;false;false;480;;
948;;Tentagra;ground/grass;9;not_fully_evolved;false;false;false;335;;
949;;Tenterra;ground/grass;9;fully_evolved;false;false;false;515;;
950;;Klibbe;rock;9;no_evolution;false;false;false;450;;
951;;Chilingel;grass;9;not_fully_evolved;false;false;false;304;;
952;;Halupenjo;grass/fire;9;fully_evolved;false;false;false;486;;
953;;Relluk;bug;9;not_fully_evolved;false;false;false;270;;
954;;Skarabaks;bug/psychic;9;fully_evolved;false;false;false;470;;
955;;Flattutu;psychic;9;not_fully_evolved;false;false;false;255;;
956;;Psiopatra;psychic;9;fully_evolved;false;false;false;481;;
957;;Forgita;fairy/steel;9;first_stage;false;false;false;297;;
958;;Tafforgita;fairy/steel;9;middle_stage;false;false;false;380;;
959;;Granforgita;fairy/steel;9;fully_evolved;false;false;false;506;;
960;;Schligda;water;9;not_fully_evolved;false;false;false;245;;
961;;Schligdri;water;9;fully_evolved;false;false;false;425;;
962;;Adebom;flying/dark;9;no_evolution;false;false;false;485;;
963;;Normifin;water;9;not_fully_evolved;false;false;false;315;;
964;;Delfinator;water;9;fully_evolved;false;false;false;457;Delfinator (Hero);"kein dt. Formname gefunden, Fallback aus Slug (""hero"")"
965;;Knattox;steel/poison;9;not_fully_evolved;false;false;false;300;;
966;;Knattatox;steel/poison;9;fully_evolved;false;false;false;500;;
967;;Mopex;dragon/normal;9;no_evolution;false;false;false;501;;
968;;Schlurm;steel;9;no_evolution;false;false;false;480;;
969;;Lumispross;rock/poison;9;not_fully_evolved;false;false;false;350;;
970;;Lumiflora;rock/poison;9;fully_evolved;false;false;false;525;;
971;;Gruff;ghost;9;not_fully_evolved;false;false;false;290;;
972;;Friedwuff;ghost;9;fully_evolved;false;false;false;488;;
973;;Flaminkno;flying/fighting;9;no_evolution;false;false;false;500;;
974;;Flaniwal;ice;9;not_fully_evolved;false;false;false;334;;
975;;Kolowal;ice;9;fully_evolved;false;false;false;521;;
976;;Agiluza;water/psychic;9;no_evolution;false;false;false;478;;
977;;Heerashai;water;9;no_evolution;false;false;false;530;;
978;;Nigiragi;dragon/water;9;no_evolution;false;false;false;475;;
979;;Epitaff;fighting/ghost;9;fully_evolved;false;false;false;535;;
980;;Suelord;poison/ground;9;fully_evolved;false;false;false;430;;
981;;Farigiraf;normal/psychic;9;fully_evolved;false;false;false;520;;
982;;Dummimisel;normal;9;fully_evolved;false;false;false;520;;
983;;Gladimperio;dark/steel;9;fully_evolved;false;false;false;550;;
984;;Riesenzahn;ground/fighting;9;no_evolution;false;false;false;570;;
985;;Brüllschweif;fairy/psychic;9;no_evolution;false;false;false;570;;
986;;Wutpilz;grass/dark;9;no_evolution;false;false;false;570;;
987;;Flatterhaar;ghost/fairy;9;no_evolution;false;false;false;570;;
988;;Kriechflügel;bug/fighting;9;no_evolution;false;false;false;570;;
989;;Sandfell;electric/ground;9;no_evolution;false;false;false;570;;
990;;Eisenrad;ground/steel;9;no_evolution;false;false;false;570;;
991;;Eisenbündel;ice/water;9;no_evolution;false;false;false;570;;
992;;Eisenhand;fighting/electric;9;no_evolution;false;false;false;570;;
993;;Eisenhals;dark/flying;9;no_evolution;false;false;false;570;;
994;;Eisenfalter;fire/poison;9;no_evolution;false;false;false;570;;
995;;Eisendorn;rock/electric;9;no_evolution;false;false;false;570;;
996;;Frospino;dragon/ice;9;first_stage;false;false;false;320;;
997;;Cryospino;dragon/ice;9;middle_stage;false;false;false;423;;
998;;Espinodon;dragon/ice;9;fully_evolved;false;false;false;600;;
999;;Gierspenst;ghost;9;not_fully_evolved;false;false;false;300;Gierspenst (Roaming);"kein dt. Formname gefunden, Fallback aus Slug (""roaming"")"
1000;;Monetigo;steel/ghost;9;fully_evolved;false;false;false;550;;
1001;;Chongjian;dark/grass;9;no_evolution;true;false;false;570;;
1002;;Baojian;dark/ice;9;no_evolution;true;false;false;570;;
1003;;Dinglu;dark/ground;9;no_evolution;true;false;false;570;;
1004;;Yuyu;dark/fire;9;no_evolution;true;false;false;570;;
1005;;Donnersichel;dragon/dark;9;no_evolution;false;false;false;590;;
1006;;Eisenkrieger;fairy/fighting;9;no_evolution;false;false;false;590;;
1007;;Koraidon;fighting/dragon;9;no_evolution;true;false;false;670;;
1008;;Miraidon;electric/dragon;9;no_evolution;true;false;false;670;;
1009;;Windewoge;water/dragon;9;no_evolution;false;false;false;590;;
1010;;Eisenblatt;grass/psychic;9;no_evolution;false;false;false;590;;
1011;;Sirapfel;grass/dragon;9;middle_stage;false;false;false;485;;
1012;;Mortcha;grass/ghost;9;not_fully_evolved;false;false;false;308;;
1013;;Fatalitcha;grass/ghost;9;fully_evolved;false;false;false;508;;
1014;;Boninu;poison/fighting;9;no_evolution;true;false;false;555;;
1015;;Benesaru;poison/psychic;9;no_evolution;true;false;false;555;;
1016;;Beatori;poison/fairy;9;no_evolution;true;false;false;555;;
1017;;Ogerpon;grass;9;no_evolution;true;false;false;550;Ogerpon (Brunnenmaske) | Ogerpon (Ofenmaske) | Ogerpon (Fundamentmaske);
1018;;Briduradon;steel/dragon;9;fully_evolved;false;false;false;600;;
1019;;Hydrapfel;grass/dragon;9;fully_evolved;false;false;false;540;;
1020;;Keilflamme;fire/dragon;9;no_evolution;false;false;false;590;;
1021;;Furienblitz;electric/dragon;9;no_evolution;false;false;false;590;;
1022;;Eisenfels;rock/psychic;9;no_evolution;false;false;false;590;;
1023;;Eisenhaupt;steel/psychic;9;no_evolution;false;false;false;590;;
1024;;Terapagos;normal;9;no_evolution;true;false;false;450;Terapagos (Terakristall-Form) | Terapagos (Stellarform);
1025;;Infamomo;poison/ghost;9;no_evolution;false;true;false;600;;